0xe796ad819e32846a7f2b28288a23f682eb4da9b4	0xd34e2dd306d73a4775fa39d8a52165cefa200fb8	2478.57830178047	0x5f1ec1a3b51789f18cbf76c7f003b7279f143bf193976d5ed703f4a497471fb6
0xe796ad819e32846a7f2b28288a23f682eb4da9b4	0x8d04790389b07865a372476af797b481e70d0d96	766.653369457602	0x77d3fdcd73c3410eaa335217fd94d8c15ac0efb296daa8ae16d43932f308d986
0xe796ad819e32846a7f2b28288a23f682eb4da9b4	0x3795e36e1e511af49741682e578cd8ed74f44200	1683.82768841604	0x4f1ea57c57fd30e2b081a1268e80c082be7a45922a5117c3556d2de99553bf60
0xe796ad819e32846a7f2b28288a23f682eb4da9b4	0xd1a22b3e103baa0c785e1d1efd8de0cf52eaa87d	1384.79273540771	0x41427ebc324cae354c8218a7c451a093ade02dfe6deab52087edf90d21d19a96
0xe796ad819e32846a7f2b28288a23f682eb4da9b4	0xdf0d80fb6eb6b6d7931d241677a55782a8ab24bb	1469.08446712818	0x2c6dd93099387333bfb062813b21b4e50a8c76ddf6d71f15abff4f64ebea78e3
0xe796ad819e32846a7f2b28288a23f682eb4da9b4	0x2102fd3d7ee31c79693b6ac1cc9583adb9c068ed	2145.42526688528	0xbf33dd0e1661f5649ecb650069b7cb29372d9ed634c88257efd21063f316d863
0xe796ad819e32846a7f2b28288a23f682eb4da9b4	0x21e70fee23868b5c84e3cfa093990ccc1eb5d02f	120.41675960067	0xe5ce1846687601111f5644898589378c8bf0d8a52ce848f42b56afcd86edb949
0xe796ad819e32846a7f2b28288a23f682eb4da9b4	0x3c567089fdb2f43399f82793999ca4e2879a1442	626.167149923486	0x764940d671df5693feb0db3d6e7efadce69f36d431706218d7234067e3c95b2c
0xe796ad819e32846a7f2b28288a23f682eb4da9b4	0x4935407447255592b5c5c5f7f487e1e16cb1df51	792.74366737108	0xea85154a2f9c175bcfd4475a63dfc8bf96aaf975ad1b6a878b9862ce3843f209
0xe796ad819e32846a7f2b28288a23f682eb4da9b4	0xa6384118370b7ab77067d6f1d2ced2eb4a4334c1	2073.17521112488	0x443e1f99d3fc7a7bc70c2cdcec44ee1f1e83abe168581d75c3dab4196b4eb7ce
0xe796ad819e32846a7f2b28288a23f682eb4da9b4	0x0efaf74264e0aefe341f27cc07d5e65eb62201b4	481.667038402682	0xc527eccc2770995531cd274a90eb08e3a07d229cd7b6382b969be777c7f176ea
0xe796ad819e32846a7f2b28288a23f682eb4da9b4	0x15b334b8a6b355ee38ac5d48a59a511949c04961	606.097689990041	0x0926ac34edf70ce703f2e04120f91129a8858df3a04de9543c55906cb90de6c5
0xe796ad819e32846a7f2b28288a23f682eb4da9b4	0x3179f88ded783b02e0ea90d44ce5c584acbd9f3a	48.1667038402682	0x2725cb3684e7305c37e38010e7374dedf8229e2aeb87874f40097fb86d281a5a
0xe796ad819e32846a7f2b28288a23f682eb4da9b4	0x008cd39b569505e006ec93689add83999e96ab12	477.653146415993	0x88ec119b0e94ac8f83dea561ed97c7eaed0a854a2b2be6420cc888fbb03d6a8f
0xe796ad819e32846a7f2b28288a23f682eb4da9b4	0xe89a713fde4f311c5a152f7df57b1c5748d2740b	68.2361637737132	0x7a232d927e7e146b041224da686a06cbb66f14b177c154072f63e264638fb80d
0xe796ad819e32846a7f2b28288a23f682eb4da9b4	0x0d065f710fe4254e187818f5117dab319fc4bdb8	991.431320712186	0xbf204888f64c7002fb13f52ef6096afc8441ad0de325d1e9152160b86db9bb91
0xe796ad819e32846a7f2b28288a23f682eb4da9b4	0x5a661b25861478e4655825675d97b232b2ef5107	176.611247414317	0x7977ea401bb025070add6bea9bcfd1545cc3697fabb34bd51eb6069e8af5899c
0xe796ad819e32846a7f2b28288a23f682eb4da9b4	0x4775aa9f57be8c963eb1706573a70ccd489e1c45	1497.181711035	0x5c648cb3d6e2c6b3d4d2ad2cad076c4c21b60e574c0304c60c5c971816a57c6d
0xe796ad819e32846a7f2b28288a23f682eb4da9b4	0xe518fb87b16087c61f927c3e222219f0b448d184	68.2361637737132	0x3f1cbd6ad8f76045d04a03b8a944e6890e54f00b685aa0c4a7dac095739e1342
0xe796ad819e32846a7f2b28288a23f682eb4da9b4	0x3a424c516ac25b4ec3cf355fc7d0f6531b46904e	252.875195161408	0xf5aba214d97a0febbb6603edf726359ea74c47328c6a21608cecd3a6d51b0fa9
0xe796ad819e32846a7f2b28288a23f682eb4da9b4	0x0f77e3a9a26b337256872fc829b46439735cc037	142.49316552746	0xd6dab62205237c0fe75af60449070fa7fa2d169172358bc6b9886e6c86b9ec85
0xe796ad819e32846a7f2b28288a23f682eb4da9b4	0x75521bdcd2c0830c88ac686e32a3a497d6d868cf	1565.41787480872	0x9b16bacc66221a934442a1c47ffcf64204f544850ef38f0887aebd8092c8c8d6
0xe796ad819e32846a7f2b28288a23f682eb4da9b4	0xa6a11a88d93f100d7c86a35a6172a3bbd52148c0	1005.4799426656	0xef3a5f31e5f461d7db9899f3200ad4bd8b0bcd15697470b19af7b9b96b0ac54c
0xe796ad819e32846a7f2b28288a23f682eb4da9b4	0x6bce2148d03e4ce04bc802c423756a72851a44b4	1324.58435560737	0xc02c301ecfa58209a4542113ed94399f3afb69590211950c3ed00fce60ada1f0
0xe796ad819e32846a7f2b28288a23f682eb4da9b4	0xe93269252a9dc93baaf3ad137a9bee83f9c9b398	1174.06340610654	0xbb7c25c41a190874549a30cefd0acc42b9095e0bd5a08bcce3a76ca991910633
0xe796ad819e32846a7f2b28288a23f682eb4da9b4	0x0006e47f0d4b8380ff41321e0911a66b2b1f893e	20.0694599334451	0x249b00298e0786ab87f6fe6c61e4d48e881c993d597030146c9a0ecc2d96a437
0xe796ad819e32846a7f2b28288a23f682eb4da9b4	0x27340a802cbdf612384b0749b767b5b6c9a97513	1137.93837822634	0x2e45570fed3fe7175aceceab8dc34d22fe688315b52ee6181a78845dd66ecee4
0xe796ad819e32846a7f2b28288a23f682eb4da9b4	0xa3087516abaf9d639220f5b18a66a9002190634e	734.54223356409	0x28c7b7a5e6a4cef7dc2cf956b21113ab1289d4063dfbeda8a84b6fc7d5805ae4
0xe796ad819e32846a7f2b28288a23f682eb4da9b4	0x47a588aeed0d06526317535b325d4ae54905cfd5	2067.15437314484	0x7fe7998c53b1bdd36b04930d9abd8c361866d3d9b9c8da3cab98717398cff4e6
0xe796ad819e32846a7f2b28288a23f682eb4da9b4	0xc0182787ed4e54483fbd870986952dd5d73382c3	608.104635983386	0xf610c355efa3efb1e27a78cbac127ce62e773941a53fc90d8b32cd0d1a954732
0xe796ad819e32846a7f2b28288a23f682eb4da9b4	0x00bb918e1c102744f016444e2f1cccd987ba0064	48.1667038402682	0x4c0b64c660ba5a484f302b1689d862ae9e8a2e5592a0159b9b7b111df05f8679
0xe796ad819e32846a7f2b28288a23f682eb4da9b4	0x17e9f6104385d64c06d9c35ce0df49d468595176	2474.56440979378	0x73b6a109e19090e4abfea4d6f81a2761fd82064df55c7fca0be72f44da8b23de
0xe796ad819e32846a7f2b28288a23f682eb4da9b4	0xcb9352cf5dcc70b3abc8099102c2319a6619aca4	120.41675960067	0xeab0d84fd997e36fa85355c7c4ed21584be020f8c07b8b0aa08f2205c2b32285
0xe796ad819e32846a7f2b28288a23f682eb4da9b4	0x5a4ac140a8b6116d8d7a5c1aa52f09eb329b51b5	1422.92470928126	0x790092829dec56511a0ea1df2a1de012f0f438efd8f20db3e2b4d05048c7d888
0xe796ad819e32846a7f2b28288a23f682eb4da9b4	0xcdc8a865b1d6990043e23a97517aa291912444c2	20.0694599334451	0xec07f57125dfd7c594b13cdf1f2f46eac7b667fe7af6a285ed006a08ec294e18
0xe796ad819e32846a7f2b28288a23f682eb4da9b4	0x000c423cc8456a4eec8c4c08676eaaff2eedeb54	1194.13286603998	0xd3b8a2ac0cbf9d608d0b20b9d9436f9f404e863d11ff0bcf878912715b99d0c7
0xe796ad819e32846a7f2b28288a23f682eb4da9b4	0xcb81476f81d030eb958b718b2c637bd7df9d326d	34.1180818868566	0xeb0c057641b0f65941443edd89d1d62cb4c497e22ad508e4eb0004879868484b
0xe796ad819e32846a7f2b28288a23f682eb4da9b4	0x42fe893101e5736507e374c97f1fbc7600305698	1113.8550263062	0x1a1908122e2724c2891a05d754104340b3b0c8fe028ccb5299ba13922be4513c
0xe796ad819e32846a7f2b28288a23f682eb4da9b4	0x9affd7d89f4e73973db384f76316b8ce579a9eab	168.583463440939	0x66a87f212a6eda8e46f9740f6ff9218d290252d6999cdced7bb18215688126b0
0xe796ad819e32846a7f2b28288a23f682eb4da9b4	0xf43a11a61e48f8d959a015dc7f147cdde2e23f84	553.917094163084	0xdb666c62e9fd9395d93fb1c9aa061765ccab2c5c9cdbfecc6dc2e75331c804b2
0xe796ad819e32846a7f2b28288a23f682eb4da9b4	0xa492ea96370fcff42f8ccb40f7a1c7f513456e85	943.264616871918	0x1cba837733b86b428d3b6123a6d814d5c5086253aba073371328081dfe9a0bd4
0xe796ad819e32846a7f2b28288a23f682eb4da9b4	0xdd789d72573b3a612944b3d2c17fba3a0a814372	1063.68137647259	0x20da0d267e87ae5b880eb3a40fad4be781845f528ad3f84cb101f694182a1721
0xe796ad819e32846a7f2b28288a23f682eb4da9b4	0xd6dc7d82fe196dcce6c0936f999f03885c00d2ad	120.41675960067	0x20c14396ce84d2e6fd5b53e53de2ba38dbd937f5751162b824791d0aeeb641c3
0xe796ad819e32846a7f2b28288a23f682eb4da9b4	0xd3d6f9328006290f963676868e087d18c07d23a6	903.125697005028	0x8d150ce52c8b43b98b21f6f5800ecd9670422a2d483b2a981ca1775791c99301
0xe796ad819e32846a7f2b28288a23f682eb4da9b4	0xdf7d8e7f0556820593aba352fa860fe8711f0c9f	1334.6190855741	0x75279c70bb9b28413a55fe68ca20c21cb89a457dfeaa7918eec00e3769d5e5db
0xe796ad819e32846a7f2b28288a23f682eb4da9b4	0xe037b75a83bff8c3e0aac3982026033a9f2a1bed	48.1667038402682	0x8d6008a1fb1126c6e2f3b439dc72baf5e609b3735d7360cc2142515ade50ccff
0xe796ad819e32846a7f2b28288a23f682eb4da9b4	0x2555844dabca25ed7a072cdefa5faf9747946a6c	280.972439068231	0x5737992ffee6e648ea587028e4ef9d3a33aceb228e799bc58276db214df32390
0xe796ad819e32846a7f2b28288a23f682eb4da9b4	0xf615c531f36f19cf64e46b6810b0038c14292cf3	1023.5424566057	0x2c759059f84ecd5e941db820481e59e8f0dbda18cb0eae6f5c851f7cce4d2219
0xe796ad819e32846a7f2b28288a23f682eb4da9b4	0xcde96826293159f71b1b2a4d4ffd0136fcd82c2e	20.0694599334451	0x4efd079376738c22f0d01cf4ff78cba96742c30c5e1bbb65485d90d53fc92255
0xe796ad819e32846a7f2b28288a23f682eb4da9b4	0x491cf7629a2397eb738a120fb13fa44bdbdc0e44	513.778174296194	0xcb94d934440ff7241efc31c8329c340e90cc40c81871c5415f8190738a839780
0xe796ad819e32846a7f2b28288a23f682eb4da9b4	0x000001f568875f378bf6d170b790967fe429c81a	165168.6358332628621	0x62db0aabac8ff2e36840b6b365aa41c04fc76c11500ae56e76e6620060fe4a41
0x000001f568875f378bf6d170b790967fe429c81a	0xb67bd20bf6a257209f14b1c61a1777c57e1ee050	1149.9800541864	0x9b699018e48a07a286474659eaf44e3792f7aace130e0977826ed571ceb52760
0x000001f568875f378bf6d170b790967fe429c81a	0x1277d142847aa24421e77caa04e6169b7a7a669e	345.194710855255	0x16058ea859e99129bf5b9da817b18bce0df342befc8895620d63d9cf6c14f429
0x000001f568875f378bf6d170b790967fe429c81a	0x1635c023d9ea476fd9cb96239003df9c78725e6c	1902.58480169059	0xcbe6c91413accc6e1dd54a68b0322547aae9c57568c6e404156a4d4e4814f03d
0x000001f568875f378bf6d170b790967fe429c81a	0xecf50fa02188c92393ebd3f3affdfae84ea679af	20.0694599334451	0x194322d60c538139783ece7704d4d9376d58704e2e9464e5dcb341c725a2c80b
0x000001f568875f378bf6d170b790967fe429c81a	0xfe0f18bb4ae6bae199cca71602cc431f241d8d10	985.410482732153	0x3234a556819b4b9a3c35bebbfa2dea30843e82b8a10ef961849f030f99d9667f
0x000001f568875f378bf6d170b790967fe429c81a	0x06dc0cbf44eed256c5975210095be703504a4541	1338.63297756079	0xa2185d14cfd4248ca6b2facdc9c792af3b61b8f4ff8f3d66bcc4ed89f33b5f11
0x000001f568875f378bf6d170b790967fe429c81a	0xcf4763bc3d58f281f0ff6d399d052d1ea4091d1c	244.84741118803	0x33c1993bd3924e92e4966e2a38185436300deac0f163260a9433e975e2f14eb3
0x000001f568875f378bf6d170b790967fe429c81a	0x3a542cf782d13debf869c3a29b708a6a1f797aeb	222.77100526124	0xccf170a268a7a281576d3c3a711d3af13ab61fe8ebd157648bab95d08cbb5040
0x000001f568875f378bf6d170b790967fe429c81a	0xd96305b6d3e8d55a4215a89001b74bc38f7699a2	34.1180818868566	0x063489df7fca2fe2e0bc11cea69469b0766fc89e6384b80e11244d5de5083590
0x000001f568875f378bf6d170b790967fe429c81a	0x068151497c5cde138a4d4635132a5a051fe2c336	1896.56396371056	0xca1f02bef0f572372a3a24ae082e9393e4d8f346bf2eb94b60bf17ea1e674f3c
0x000001f568875f378bf6d170b790967fe429c81a	0xe452b6b42df7cac9415df4ea4adee5f0c05104c2	1242.29956988025	0x2bc3e45eaee62bdddb535e46ddac4af89b02a96d78613d4ead7234cd8ff29144
0x000001f568875f378bf6d170b790967fe429c81a	0xde0e0160035d6ee65eda255735f7cd9ea52cea8d	1131.9175402463	0x26ba0db3b07e6b2b957bc6be966ea455da59ebf410f3a126399ee98cd47d1ae8
0x000001f568875f378bf6d170b790967fe429c81a	0xd475127a4a4cc7b1df581ad63ea83a3c7a001459	1224.23705594015	0x428e255b68daa4de86f99f34cd557c468f13a9b14822378caf4be756eeafa784
0x000001f568875f378bf6d170b790967fe429c81a	0xcfbcd44e01a23a59a0ad24037d2e6c1b9738adce	1230.25789392018	0x34af392021d63c0e664cbde408e7d759561b8e7dbeaf634675f70cb17794aaed
0x000001f568875f378bf6d170b790967fe429c81a	0x4a524378b327033d82b8de7bb12b71422d24002b	140.486219534115	0x587e2bc9e0b074db6fc5c71e0e4a94c5b5df5d2a0ec5a41f2207bae16a62e7fb
0x000001f568875f378bf6d170b790967fe429c81a	0x748796fa93e4c7e5adaa5870211cf36c603230b7	1244.30651587359	0x2949533ca126d2ef70feb91f9ebe217802d4f76fc7c345b1a15a7b4193aa82fe
0x000001f568875f378bf6d170b790967fe429c81a	0x006a7b8ba975f24ab02cbe685da5e0a79b139bae	1595.52206470888	0xd90bd6cff723db11c3b111a8b6090d6498a37427d3fa46755526d123f2e73a3b
0x000001f568875f378bf6d170b790967fe429c81a	0x469a49b82946a44be4d23eeeb6232c73fb120d62	501.736498336127	0xaa371d04e7f18003b33a6b8ddcfddd92d4b27e26f4d2667dde5d33dac8a55b83
0x000001f568875f378bf6d170b790967fe429c81a	0x1672bbf0b5f24b4d1ef155aecbd3925864d4568a	20.0694599334451	0x30bcd52036627f64c7679fd23c9ad872aac1087ce37b2da105040dde85cf8c0c
0x000001f568875f378bf6d170b790967fe429c81a	0x9a2ddba9444a37383e65f70ec8dfe2151af01d14	457.583686482548	0xd32e4024f46728ef09ffb0ef983b9600bca55bf510727ec397a18807a4107e51
0x000001f568875f378bf6d170b790967fe429c81a	0x4a449bfc793a29ac4f0e9f805df989f2d257237e	600.076852010008	0xb647a2d4ff7dbc54ad58df96f7027be640768813c177ff91dafb104ae9aa2baf
0x000001f568875f378bf6d170b790967fe429c81a	0x00675110321d031c8f2ad0b6ff439a9a264d31b5	1344.65381554082	0x4ee0cc84a63b59b4ddcd0765fb1f7bd58f3f17ba327439c3a361b1ff2ec05da0
0x000001f568875f378bf6d170b790967fe429c81a	0xb8e226727b42f98b70fb05f61deb5b706344d363	774.68115343098	0x86eac726d99df95ca39c1033d37b5f8184c1277955993b83de3f85812b624773
0x000001f568875f378bf6d170b790967fe429c81a	0x661861b02b6a6384baf3fb26a2f4f4f153b8dbc9	20.0694599334451	0x67081799d1b97f4a698ccc0d041ef53dab4aba9d2a4e811a96e7a2def23ca286
0x000001f568875f378bf6d170b790967fe429c81a	0xa0b440048bfdc5a356cff4aae7fb808387e54757	481.667038402682	0x00183141f4d44756b51010a21cd822b34536fcb98a2515abe74026c4d1684769
0x000001f568875f378bf6d170b790967fe429c81a	0x4afb3d3e83a24ce6d74935f9bdf9545ff2c2b846	220.764059267896	0x6e159fd88a492e9724ee1bd9c7d6437c49804fb283066209b0442a19aa1f22db
0x000001f568875f378bf6d170b790967fe429c81a	0x3858d49546eebb271560741478f93e7ba485efa8	642.222717870242	0xe6eb2b94896ff756aae1f8016a593add74cb73a51568c357ca406c6a97ea6578
0x000001f568875f378bf6d170b790967fe429c81a	0x846a59504d5d4073a233c23a202e5f9d2c0c0980	608.104635983386	0x8a5667952259a9e37a7246865b4b0bf12bc8ccf94fddde95d1239da14ade60cf
0x000001f568875f378bf6d170b790967fe429c81a	0xb50811f4278a1746686ada2ef08f699ec6624f98	662.292177803687	0x27de739b33fdcd0c1a7d4ec6c1504f9b046bfc8f102e2e001c252795fee80f54
0x000001f568875f378bf6d170b790967fe429c81a	0x77d7087873bfc923cf9a4d3babc0d1b037c6af19	662.292177803687	0xa9fdca9db2f7678736e81abceee34a8651fda63aeec75497b92ea0300504e815
0x000001f568875f378bf6d170b790967fe429c81a	0x849ddc2b444b4e606a12d38ba9612dc8e5e1a3c7	301.041899001676	0x5de2e75f8341b7d94a89126f093da43328fcf31d3a56cce39a14cbf64bb2b24a
0x000001f568875f378bf6d170b790967fe429c81a	0x3efda8f4a3b5fb9230b18f179d6f62a27a3da93d	642.222717870242	0x2e144aa25364b85ad37229e507389b999f2d40825ee006c8d2fb5254fdbf264b
0x000001f568875f378bf6d170b790967fe429c81a	0xf08ebdf61d0822f82f03c14e80c7b9f2e2717d11	762.639477470913	0xabe4a3669f867b9c7cc02d1a87ec152197de2273ac82766206961918d18064ba
0x000001f568875f378bf6d170b790967fe429c81a	0x04e1e769161f423ae1a4b7d74ccd57737bc182e2	602.083798003352	0xb89fbbf9fa66a5e109f131217aadcf77629fb6d838b4c6aae390007bc9c06cdb
0x000001f568875f378bf6d170b790967fe429c81a	0x752941519d2416a33ef2fbab47c159cda58a06a7	365.2641707887	0x4c8bcffd1892a455977b63e5b2122129750dedf8a7be7c8fb6433a976493738d
0x000001f568875f378bf6d170b790967fe429c81a	0x7816cf1c34f6a078bd8ac07952cde5f3a54d409e	582.014338069907	0x08c30a65238b8d42602057a3a2f0d64edca41f49cb7a91ac6b7738fd7fa4b55e
0x000001f568875f378bf6d170b790967fe429c81a	0x46d4987b8bd188cb23425c524c1bc44cdb6b36da	301.041899001676	0x5f2506047909d8e1991392481d6cc2c32c58d5278c660ef806a27906a80c39a9
0x000001f568875f378bf6d170b790967fe429c81a	0x45b96978243f8bcd0cec226c78987f926f946a88	602.083798003352	0x948ae80ca79904c7f1a30805ed0cb5780cd1d5afd864b33f70a11e1cca77661e
0x000001f568875f378bf6d170b790967fe429c81a	0x8266d9c54c49d3aedaf0479ed4966ccaaf8c11cb	96.3334076805363	0xcd78867fe095d640e6d435de29e5cc1ea9040953c0ea44f8448aba848c0a59f5
0x000001f568875f378bf6d170b790967fe429c81a	0xc637bc321dca7a6cfe94c67eb21e0165b68b3c85	501.736498336127	0x8aa1248630a00378cb2079270e59dd65337fb56464f1811c6756b1d1e75671e8
0x000001f568875f378bf6d170b790967fe429c81a	0x9eed81cfd85f1a699b235097438067eab55b0899	521.805958269572	0x203cd5aea7c59f6e742c541b047cdec0770f8b98190f02fe0b728b66369f27cc
0x000001f568875f378bf6d170b790967fe429c81a	0x2d66fd65445e1e8aa9fe35728b747767602433b3	891.084021044961	0xc1c54cb945f2266527468c5c885f44180209763acea57fc647173ec58ba4f9b8
0x000001f568875f378bf6d170b790967fe429c81a	0x0f4c1f4b11d7a9c570eeebfa127c8bfa802b2a9c	48.1667038402682	0xd8d01ea89c775f72f9f561a83ed1cb1c89bf0ee820ed8f0c0ffc165ff6fc3211
0x000001f568875f378bf6d170b790967fe429c81a	0x1cc9f33bf026936648cf749a51dea65c623a7952	1061.67443047924	0x406ee9eb5165367df3030f25be28f2f823f2e52de1791e39afb6df0dab2c87b3
0x000001f568875f378bf6d170b790967fe429c81a	0xd4cb05e723e509919d1c00d1330c2c1c5c8ab6c9	475.646200422648	0x43112faf2b5ff8835d499a3461cec8784a6b81d8960b4ae6e92e70808640e59d
0x000001f568875f378bf6d170b790967fe429c81a	0x35a69d5414067cc2f862e26382c50344848180a7	441.528118535792	0xc79603494b7ac5198c035fa4ebf25b391127b90794d636f5889c886c1b42a7be
0x000001f568875f378bf6d170b790967fe429c81a	0x9bbe1d4db2d93045374207eaef4752af5ed42e04	154.534841487527	0xaf5e158db455a65b01b794b909ff681781bd6f4d79b7695c3371dacca78d6fec
0x000001f568875f378bf6d170b790967fe429c81a	0xf5aa2f8cacd805c331a0c27978a453d222a5e9e8	732.535287570745	0x89ed817ef4ed0cb10c9070c5ff6cb2df784a15bdbdc7d937c41394177f8a3e7c
0x000001f568875f378bf6d170b790967fe429c81a	0x330d64bfba7d86d36f8406dd8a11312fb72f10d8	401.389198668901	0xc662c17059708947d000e629014f4cc8f90dfc8fadb5830fa1e1883e2712823a
0x000001f568875f378bf6d170b790967fe429c81a	0xb7137568a4f224b00a0bed087118901b5d2fdfd5	381.319738735456	0x7381af0f2856b5943bb35e6a8f484ec936be2a2cd273aa761901887078b79f48
0x000001f568875f378bf6d170b790967fe429c81a	0x9b880fb5535c8ba2257bf97194faf1bb84d39740	401.389198668901	0x6069db800bf7f2aeafdcf4fd7811549cb30b4a7fd989309c24d8af2ca842c8e6
0x000001f568875f378bf6d170b790967fe429c81a	0x7ef88ff92d465554e3215dead33e32746d6abc0a	60.2083798003352	0xf804a5c82a12f448923c590ebeb7ef5acb0b26a3b1c02097e775b15b79ad2a6b
0x000001f568875f378bf6d170b790967fe429c81a	0x775875feb5409f5de5cc3e920eefadb3975d2fb7	321.111358935121	0x64203fd65a3bb729f9aa5252875a370e46c9e1180dd8cbf311700b2db643ff26
0x000001f568875f378bf6d170b790967fe429c81a	0xb93ba84cdae02cc9826e637c4601db59b8a04461	321.111358935121	0xc69c60a59e8e29bd846ffd85c46e480407b40a3fda76d9a93584091cc74f9146
0x000001f568875f378bf6d170b790967fe429c81a	0x0e0147ec12c7508ae8d9c6e2b7d33a1d0d5ce50e	383.326684728801	0xa231a7ef7b00317dd73ecfe72114ad7bb6e65bbc68b78d733f619c20756440c1
0x000001f568875f378bf6d170b790967fe429c81a	0x6b7ccda4ee569d3c737e046494b8374ecbd17e8b	20.0694599334451	0xe473df4f575c2fc96095d30228fc290585e9c34d6df508f8eedf739b6b3a10e0
0x000001f568875f378bf6d170b790967fe429c81a	0xd59362819c39ec57566c8f868c2ccceed6e48f00	260.902979134786	0xe93e675c73646d0e8f7983574250bf8fc6d2b56db2b74aef8e4ef53017ab3482
0x000001f568875f378bf6d170b790967fe429c81a	0x7c8ea5bcb9a757f8ae34f6463fd68c5198465a7b	361.250278802011	0x6eff36be5948319d758ddf2a6acc479f1249d8ae50b442fd2c08103d6c5cb46a
0x000001f568875f378bf6d170b790967fe429c81a	0xa0dc04ad999b34fc48c99757a42c91cc18c2c725	20.0694599334451	0x21f5e31a9d4c77a067d0fd683c71972f0e044053ef4e69958174f008198fd537
0x000001f568875f378bf6d170b790967fe429c81a	0x3f4f800a864a47858de3f7438c1ce4d476efdeac	521.805958269572	0xb0779a0fea29bb7c0e0d437e2f5889f9bdf6323e15fbb4e649f6e71a0a7c0600
0x000001f568875f378bf6d170b790967fe429c81a	0x3f0cff7cb4ff4254031bcef80412e4cafe4aec7a	638.208825883553	0xa8073236d7efc36d9fc23b160e2b7cc3eec0316c56d5c366afeef3371ab7e62a
0x000001f568875f378bf6d170b790967fe429c81a	0xc99e3a0b3810f741fc7664ad1a24d34af2973cfa	218.757113274551	0xce9bdaa501ecc32410c4515f9a88e5c9e47d387824bd8100f45667ec632a58e1
0x000001f568875f378bf6d170b790967fe429c81a	0x101883375673f25d146c3e029e47d9fac2e4cadf	228.791843241274	0x2a624bda182bdef7c0cb5c27237eaf4dab94855b5ba55c79e6716720ca551fde
0x000001f568875f378bf6d170b790967fe429c81a	0xb910872cc6aaefb03316ab7484932523e66777e6	220.764059267896	0x39331d604e01275a17c0a123e903111b9bdd90f8509ea3068f833f48a5b31ed3
0x000001f568875f378bf6d170b790967fe429c81a	0x4497dcdd22a495c1a19c4e0c6de275e3d0f84c7e	48.1667038402682	0xc2971387b1d7049d486653fa16a2a06acb00629636108a2c33813d0a4b1dfd92
0x000001f568875f378bf6d170b790967fe429c81a	0x23e1103cbe4800db1d5a33f5eec14b673b8bb64a	160.555679467561	0x1623baeb80840936aee538a1d824d0a91478be3a9420ab1d6ef8d8a4a9128335
0x000001f568875f378bf6d170b790967fe429c81a	0xfb0f37c0456d60eded9b64442dfb0c4847cdd06a	60.2083798003352	0x0aec0057cb16304fd00c826336751f2c9c834e20195c0de2ed6dddb838ddcdd0
0x000001f568875f378bf6d170b790967fe429c81a	0x6f21f8127f7f3f63e6fa740dd03ae2cc4f11f90d	208.722383307829	0xb19c129eeca8e41c73d407aade6b676810bd441ac156b0e5d5737a6100602060
0x000001f568875f378bf6d170b790967fe429c81a	0x69cf132a8f0b6518fa5bb43fe937c2ce0e49b2ba	381.319738735456	0x436841c512e82985dfab4328f4c868eb24890eb3e9cfb66580de2e4ea337bd55
0x000001f568875f378bf6d170b790967fe429c81a	0xa4c6c4050a25a397f59b02b7ace3b6dbf4df2361	266.923817114819	0xf6cff8f309491f1e0970d1dd1ce07526e25a396d4b0014e41d3b808c105bb5f9
0x000001f568875f378bf6d170b790967fe429c81a	0xd9a187baaef2842ad2b093324d7cbd0686311b9e	168.583463440939	0x2dc46695fe2f885784d328450d81fa939047796c6c9a4d5ba13df81fc92e1f48
0x000001f568875f378bf6d170b790967fe429c81a	0xfb6bff51675c7fcc4a3bcceb556a00f6e51c69f4	150.520949500838	0xaf7ce4102d7ea2fd76cbb3f7d740466d1eef7930493505c2b1157b8ba30d51d1
0x000001f568875f378bf6d170b790967fe429c81a	0xd213f7af57f8034f415d990da387e95c51b89958	272.944655094853	0xd89c0e1513c865489e8b2f00bc8035ca17a77ae32a0f67387f479cde544edd62
0x000001f568875f378bf6d170b790967fe429c81a	0x459bfbfaef4b36a09cbb220804195a45d40b3ce3	80.2778397337803	0xd453db4ccabc477c532b88fac2d44deea1973d48f650eff78ad75abc8c5c1302
0x000001f568875f378bf6d170b790967fe429c81a	0xc38a3c739c3a61c7c47d99a2ba1cb52ad0b49861	60.2083798003352	0x0e0c764a90ad3d352062d615f90b2bc266c7891aee54ac4110e3a9b98b9ce6fa
0x000001f568875f378bf6d170b790967fe429c81a	0x5878bfc4eaca57acc601395b81fb163014f3c47d	284.98633105492	0x736c53fb9788e33f1d1a38974bebcc2345f464049aca4bdb6bb17e2afe181577
0x000001f568875f378bf6d170b790967fe429c81a	0x1cce23bcd3354b4da35150b0d3014776c0661aac	48.1667038402682	0xd757dbbb0db3af1725ac0f1f26dac0090c74a9cfdca952e1643e1f5587d56f66
0x000001f568875f378bf6d170b790967fe429c81a	0x47c74b5af77a77e70422be67c83797b8590a7157	20.0694599334451	0x4899d9207938c30c9717c7aebd1ddc425b2a16de968c37ee9c94d31380d4b531
0x000001f568875f378bf6d170b790967fe429c81a	0x9ad5a70a6993a8d4d070a4f3b1dd633e720f670f	1877.81726363636	0x3f7150fbe3146dacc2d1c0ddd46bf2fa668c0911d0d621ddb66f1d4807e2770c
0x000001f568875f378bf6d170b790967fe429c81a	0x3f0cff7cb4ff4254031bcef80412e4cafe4aec7a	1877.81726363636	0x465ecbadc9714245bf61040b761920408f30678ed5bdaa1adeed37544e8c5b5d
0x000001f568875f378bf6d170b790967fe429c81a	0x7c285652d6282d09eef66c8acf762991e3f317a8	1877.81726363636	0xa018498b5a56b1ac2502f142c44c0d052ba315d350c79423c3a93a95cf9a6ace
0x000001f568875f378bf6d170b790967fe429c81a	0x799ec03a8b90c4f626d96c299f188bd3ef0c36c6	1877.81726363636	0x77114ef27b03fd8c722ea47420e4ef1a41b050df7599e560b8ae979b9df300f4
0x000001f568875f378bf6d170b790967fe429c81a	0xd09e4c2ab4c42ca5afd1756ad5899634421abf07	1877.81726363636	0xd0b8e64a72652374e089b7be8e588947b2435649e0347ff16bbe75f19b0e4c54
0x000001f568875f378bf6d170b790967fe429c81a	0x4497dcdd22a495c1a19c4e0c6de275e3d0f84c7e	1877.81726363636	0x4fa826bf2c83e2d7607b078b21e3145bcaf1422cb1386bf3bd71aa320292100c
0x000001f568875f378bf6d170b790967fe429c81a	0x4497dcdd22a495c1a19c4e0c6de275e3d0f84c7e	1877.81726363636	0x092860151d98b8005f986a1067282f1ef6f68aa8a46e13f46a1f19ee566b68b7
0x000001f568875f378bf6d170b790967fe429c81a	0xb4d0e9c8895315efae45622dd26288956df90f01	1877.81726363636	0x56e4d39397544c26fadd68f60c5dd3e9aad4890f6ceea3437e2632e9e5d9b3b0
0x000001f568875f378bf6d170b790967fe429c81a	0x2014d994888dac14566b12c1ef747b747a52cc4e	1877.81726363636	0x1bc89c1368576acfe50e14f0f58a3882968822a732469cf8de3f0c552ba20f1b
0x000001f568875f378bf6d170b790967fe429c81a	0x57c97e733c5447a3967b350b725c9f87b425254c	1877.81726363636	0xfe0e0f3b01b7012bebd812cff4b55b19d83fe40253f7615d88ecf2d2e863b98f
0x000001f568875f378bf6d170b790967fe429c81a	0xcf4763bc3d58f281f0ff6d399d052d1ea4091d1c	1877.81726363636	0x3c9f06b1f1b66893c630df241f6e0d183bdf95d057961c8255f2ca492f072288
0x000001f568875f378bf6d170b790967fe429c81a	0xb4d0e9c8895315efae45622dd26288956df90f01	1877.81726363636	0xa7b3d79836647bd7603fa764a0be4a652685b74efbc00d914a3f7ac8770dfb06
0x000001f568875f378bf6d170b790967fe429c81a	0xcf4763bc3d58f281f0ff6d399d052d1ea4091d1c	1877.81726363636	0x31dead51b7d94adc2a39f3b816f72b888b35287135631574051b463b93842d1b
0x000001f568875f378bf6d170b790967fe429c81a	0xcf4763bc3d58f281f0ff6d399d052d1ea4091d1c	1877.81726363636	0x8a779b43727a47575ea15f79ba9b03abc1ad8dc38acaf0651e28b3b528079c3b
0x000001f568875f378bf6d170b790967fe429c81a	0x5b62e0dfe5f50be05815e0add01a2b75c58e0837	1877.81726363636	0xe4a2f58f2867eadee1491b5822ad3f85cf487f204bc6234c9d58fb9140b3b865
0x000001f568875f378bf6d170b790967fe429c81a	0x59207cfeda73d3b9cb297d187446c7189d8e2bdc	1877.81726363636	0x4ea9d2d867348c8ce39413d3490c614c18335242d70eccead344dc172ff88e7e
0x000001f568875f378bf6d170b790967fe429c81a	0x1374c83bf4af8e0c847d449840bb7a9b0963a1c8	1251.87817575758	0x8aa9dc8cc866d5a99715189b39596d56faa41d47611e2f94042fb6a6a7fa464b
0x000001f568875f378bf6d170b790967fe429c81a	0xa51829b418fedbeadbdc90cc3474026e46eadc1e	1251.87817575758	0xff53823e4b2db65b2f369296d3013154f11ee267c4fb29692b1bc5de6420747e
0x000001f568875f378bf6d170b790967fe429c81a	0x3febe2370128bbf740b2fa82313ca51f828c50d4	1877.81726363636	0x33fbf87c56288b7a0c34b5a0fc648f36d2580f5f67b4ce66394f1c58e2ed7dda
0x000001f568875f378bf6d170b790967fe429c81a	0x1374c83bf4af8e0c847d449840bb7a9b0963a1c8	1251.87817575758	0x36d79a5e0a4ecda3b950dff5113ede1e050c6d953926d54d3433e1556a89c1f7
0x000001f568875f378bf6d170b790967fe429c81a	0xe0a78ccffe72fa72852e1e558457ae1a4718c3f1	1877.81726363636	0x331b91cf2756905f656ec6de7e25187412b3f38472e542121c76764bf59923b0
0x000001f568875f378bf6d170b790967fe429c81a	0xecc4c0e1466b05a1900618584d6956b38f23c811	1877.81726363636	0x446519c207bbd87327389b3cd3ad9ab6c264f91c4a7f4e9065b50fce22605f5d
0x000001f568875f378bf6d170b790967fe429c81a	0xd1ccee2b4c8af8bb69a1d47b8de22a2c73c04f7a	1877.81726363636	0x259216c6992f82b8cdc926568f11c1693c10188a4a9c821b2cfff3617523ce2a
0x000001f568875f378bf6d170b790967fe429c81a	0x2102fd3d7ee31c79693b6ac1cc9583adb9c068ed	2710.85301124547	0x78344aa142e393194aefee1ad1fee69dd2a012fa88874689edfebe0764030931
0x000001f568875f378bf6d170b790967fe429c81a	0x21e70fee23868b5c84e3cfa093990ccc1eb5d02f	76.0763239825671	0x68087dba226783c63c4d6fd4f6a26601ca89fdf766aac2020ae9ac513217194a
0x000001f568875f378bf6d170b790967fe429c81a	0x3c567089fdb2f43399f82793999ca4e2879a1442	649.184631317906	0xb28d811ded8a9c3260e3c913fac8c31388251d9fdf238a774f7dc027efa09771
0x000001f568875f378bf6d170b790967fe429c81a	0x507b69c7185da5568f20aac0ce78fb61d7a85561	2946.68961559143	0xe79bc31e011d9ba289231ccfd0b618190c47f8084f7619f1ed1712845289d672
0x000001f568875f378bf6d170b790967fe429c81a	0xdb5f5ffc9d185d70c92358d6f7c49980410a7aac	2964.44075785403	0x34f348cd020f1c73e321ce449385098599a3ab80c0105bca4e7c27e0dfc9acc6
0x000001f568875f378bf6d170b790967fe429c81a	0x32fa8b61af7052464ac11810e1acdefc6b245e18	2345.68665612915	0x4f46505e2a102e0d21f539c4e234c9a35f8367cb9317d28bcecafdf743114a92
0x000001f568875f378bf6d170b790967fe429c81a	0x8d04790389b07865a372476af797b481e70d0d96	968.705192044687	0x56c295475612c551c5d8b37ad396300b88c491868fe0be45745f2feb5320acb6
0x000001f568875f378bf6d170b790967fe429c81a	0xafd44914ee4b61d4d069041cc90ce766b9846bb8	60.8610591860536	0xdef7c6dc9c548837422a4b61ac54c0284299270c2613de6157c67be1f3cc8bac
0x000001f568875f378bf6d170b790967fe429c81a	0xd1a22b3e103baa0c785e1d1efd8de0cf52eaa87d	1749.75545159904	0x0996c06731c0e8b676993d52f8cf0626c810c6ae602b6fa79bcd55239fd7dd63
0x000001f568875f378bf6d170b790967fe429c81a	0xdf0d80fb6eb6b6d7931d241677a55782a8ab24bb	1856.26230517464	0xb05a45f0d500fee9548501b2d0bda68ae4da207f421ecd889c95870fa94ec756
0x000001f568875f378bf6d170b790967fe429c81a	0x15b334b8a6b355ee38ac5d48a59a511949c04961	770.906749690013	0xc22291c6fe97c816b1f4c0768a76e270bb92da62b47cff00cb3b0bd11076f802
0x000001f568875f378bf6d170b790967fe429c81a	0x3179f88ded783b02e0ea90d44ce5c584acbd9f3a	60.8610591860536	0xedca08598a4fb07ea813f6b110e7fcc49c8a631632103830c65c7970380dd342
0x000001f568875f378bf6d170b790967fe429c81a	0xe99d86ebb30e0f96240fe934945017b29be115e4	760.763239825671	0xa458403ec6057f882c76ac3c27b42a58057ad5d29941ba90f0a98c93bf0bd0fa
0x000001f568875f378bf6d170b790967fe429c81a	0x008cd39b569505e006ec93689add83999e96ab12	585.787694665766	0x5ba159834bcf8def0dfa336d4eca7a76eee2e35a91746dfadde3bc84d44ecada
0x000001f568875f378bf6d170b790967fe429c81a	0x0d065f710fe4254e187818f5117dab319fc4bdb8	1072.6761681542	0x40362853c55ffcbec6601ff03e7debf9dac1d6433fb4be5741a4be0fe8d35216
0x000001f568875f378bf6d170b790967fe429c81a	0x5a661b25861478e4655825675d97b232b2ef5107	258.659501540728	0xd253a16416b2202f47b043af103c639b443af4485251ce4d444f7345d50638ad
0x000001f568875f378bf6d170b790967fe429c81a	0x4775aa9f57be8c963eb1706573a70ccd489e1c45	1957.69740381806	0xebf05e6856034a69adf9588ef09cc96a631d72d40f816127d30784c90f94a27c
0x000001f568875f378bf6d170b790967fe429c81a	0xe518fb87b16087c61f927c3e222219f0b448d184	86.2198338469093	0x89a8bd28e752960bdc14cfb96675e11dadd2835fcff8f6c8c77d651a9689679e
0x000001f568875f378bf6d170b790967fe429c81a	0x3a424c516ac25b4ec3cf355fc7d0f6531b46904e	337.271702989381	0xd3e5e395f0113fdbe2cb3b3183c40cd857431665cffddb717c241525f3613da7
0x000001f568875f378bf6d170b790967fe429c81a	0x75521bdcd2c0830c88ac686e32a3a497d6d868cf	2066.74013485974	0x944060f1aba2f37bbdced37e3ae3ae5663e1e4a82d90c0ba7ea700663f00abda
0x000001f568875f378bf6d170b790967fe429c81a	0xa6a11a88d93f100d7c86a35a6172a3bbd52148c0	1136.07310480633	0xe978de72be855a74606bcb0da597fbdc1b9a8edad724a3fcc03410939ee203c2
0x000001f568875f378bf6d170b790967fe429c81a	0x6bce2148d03e4ce04bc802c423756a72851a44b4	456.457943895402	0xf8aa807239593a1b12468e069721fdb5cb772f44cf0de289ae56799f285aaeee
0x000001f568875f378bf6d170b790967fe429c81a	0xe93269252a9dc93baaf3ad137a9bee83f9c9b398	1501.23945992266	0x3a2bfdb0e4cc951eae94affb36d35f1300323d665c33a9a99d43cc17b12842c5
0x000001f568875f378bf6d170b790967fe429c81a	0x067be47f0d4b8380ff41321e0911a66b2b1f893e	50.7175493217114	0x3ba094eee3674637d7d36bd2e1e0b431684eea3d412c82ecdfbcc2da3c071f88
0x000001f568875f378bf6d170b790967fe429c81a	0x27340a802cbdf612384b0749b767b5b6c9a97513	1437.84252327052	0x6925c2acc796665c6a9ef9a12de76b3039749f8bc994f0590a2683a30a387f37
0x000001f568875f378bf6d170b790967fe429c81a	0xa3087516abaf9d639220f5b18a66a9002190634e	953.489927248174	0x6a7afaf8610640fa7cba6ab0e13cfb7cee7be2e7cba711e12af6d827eab9c8cc
0x000001f568875f378bf6d170b790967fe429c81a	0x47a588aeed0d06526317535b325d4ae54905cfd5	2611.95379006814	0x7aed1f44c7ebb23c48b5bbf462bbb8b65b5766570e76db433f6bd7c9f066149e
0x000001f568875f378bf6d170b790967fe429c81a	0xc0182787ed4e54483fbd870986952dd5d73382c3	768.370872223927	0x71dcdbdf42546a65fd07b72b1ea52b3bc560df0f676f60d6c6221e56e768a55f
0x000001f568875f378bf6d170b790967fe429c81a	0x3795e36e1e511af49741682e578cd8ed74f44200	1884.15695730158	0x20296bab2ec5f7bca8b9a3616b6db043b55f7f46b29bbda07452469a1217ad83
0x000001f568875f378bf6d170b790967fe429c81a	0xbb918e1c102744b0f016444e2f1cccd987ba0064	17.751142262599	0xf8ca4b81d01abca4a51a076f613d1c97323853d38ed94dc20b03a8264c924bb5
0x000001f568875f378bf6d170b790967fe429c81a	0xcb9352cf5dcc70b3abc8099102c2319a6619aca4	152.152647965134	0x733f9e2dd61be06f535b31a9ecaa5ce9737cb12e77a1503cda5658e4dcd1ee11
0x000001f568875f378bf6d170b790967fe429c81a	0x5a4ac140a8b6116d8d7a5c1aa52f09eb329b51b5	1952.62564888589	0x0d24f1591830ccb188191559d209e152a6ecd9c6332c092c800289f4a1bc4e69
0x000001f568875f378bf6d170b790967fe429c81a	0x02a092f9fd80e9dd51cac1dc5bc69f42578f004b	1128.46547240808	0x8f816a988a15e7b299975b7b4945602b98fbcd353be60e0350ee9e9b7b995a75
0x000001f568875f378bf6d170b790967fe429c81a	0xc423cc8456a4eec8c4c08676eaf2daff2eedeb54	1255.25934571236	0xe56ac0dd66179ce86cbc4ac12439bb70106a04192c959d6012a713c5c66a793d
0x000001f568875f378bf6d170b790967fe429c81a	0xcb81476f81d030eb958b718b2c637bd7df9d326d	43.1099169234547	0xcceb54ec475c6f8ce71b3f954aca8120835d31979b9d513405e7efafaf89df75
0x000001f568875f378bf6d170b790967fe429c81a	0x9affd7d89f4e73973db384f76316b8ce579a9eab	213.013707151188	0x1bd496bd6af1f94ae6f9bded4888d2dd42c190cbce512385c54da83c2eae4567
0x000001f568875f378bf6d170b790967fe429c81a	0xf43a11a61e48f8d959a015dc7f147cdde2e23f84	646.64875385182	0x88106f5cdab3092836d08415a85c519f4b4af83a64465bccd0a7c40baeac9bc1
0x000001f568875f378bf6d170b790967fe429c81a	0xa492ea96370fcff42f8ccb40f7a1c7f513456e85	1191.86240906022	0x455a5e294a785e49e153e8424f2e5bd8dcf56101cb3f0b4e9e32d1de79621540
0x000001f568875f378bf6d170b790967fe429c81a	0xdd789d72573b3a612944b3d2c17fba3a0a814372	1090.42731041679	0x02dedbd3e809d36d7a32fefe3a28ba263f2e2a1d0435faeb813099f83b730d3d
0x000001f568875f378bf6d170b790967fe429c81a	0x5343d6fcf198ad5aa59e9a471b3415c9b6cf4e94	1260.33110064453	0xf1942751cb49b7507cb8afcd3215c5ffb7063db2edd9cfd0cf4005231ba8c0c5
0x000001f568875f378bf6d170b790967fe429c81a	0x491cf7629a2397eb738a120fb13fa44bdbdc0e44	628.897611589221	0xfe12b68d1e02204cf93091eb9a461cbf0dbd9623f57de3b0541f2c6277a85e1a
0x000001f568875f378bf6d170b790967fe429c81a	0xd3d6f9328006290f963676868e087d18c07d23a6	1141.14485973851	0xf4921c8f341f29512dc59d349e89fb6f44ad5524d98ae07641023c549f5f25d5
0x000001f568875f378bf6d170b790967fe429c81a	0xe037b75a83bff8c3e0aac3982026033a9f2a1bed	60.8610591860536	0x946d97b9e825ccc1810bd2fc8e73ca1ae51368aafd329818023043bd86b6cbdb
0x000001f568875f378bf6d170b790967fe429c81a	0x2555844dabca25ed7a072cdefa5faf9747946a6c	337.271702989381	0x8cd235fa3aa3c02d63e9f225b037636f09fd5648cde8a83d6356be3cb39fdfbf
0x000001f568875f378bf6d170b790967fe429c81a	0xf615c531f36f19cf64e46b6810b0038c14292cf3	1293.29750770364	0x4c5388bd52540c21bbba433eaea34893bb56b875d60274b9bf29e60a56737237
0x000001f568875f378bf6d170b790967fe429c81a	0x7c5089f094b4019e39ac03a0fe57505c21809623	958.561682180345	0xee23e2cd92480d57c56946f7384d0e32878b4bdd280a6f435dfb02270a3abb6a
0x000001f568875f378bf6d170b790967fe429c81a	0x1d3e7d4b418d8ef83f8f856f0c289c0e9037d0be	25.3587746608557	0x06dad3ee489f895caa5306eae015c6bb81f73b63989fba4483f5b58a611cf08f
0x000001f568875f378bf6d170b790967fe429c81a	0xb67bd20bf6a257209f14b1c61a1777c57e1ee050	1524.06235711743	0x71b3ab8cf44f6e61d4616a5a0b354f5cafa9c813aeb9d71e5240b4a4427b4555
0x000001f568875f378bf6d170b790967fe429c81a	0xa4b11a5d98c5a4035fea8e963e98e7c91c8359ed	213.013707151188	0x29056c3ae8ac8606aad79af382de76e3b89084ae28ea1aed462c5449b27b35d6
0x000001f568875f378bf6d170b790967fe429c81a	0x1277d142847aa24421e77caa04e6169b7a7a669e	443.778556564975	0x13a451470ea02659aaf9b7e3884718724aa6b47a30cd57f49d1faa7bb9dc42b1
0x000001f568875f378bf6d170b790967fe429c81a	0xfe0f18bb4ae6bae199cca71602cc431f241d8d10	994.063966705543	0x5fdf28ec8a626628f83b754b38ae36fc3efc70c5f1f936be0a4c3b6455374f05
0x000001f568875f378bf6d170b790967fe429c81a	0xde0e0160035d6ee65eda255735f7cd9ea52cea8d	1364.30207675404	0xaef2004f56270833ac0c0257e2ac075fb16988e26fbcb0ad875315b59a1698e3
0x000001f568875f378bf6d170b790967fe429c81a	0x1635c023d9ea476fd9cb96239003df9c78725e6c	2459.801142103	0x863be3a9afb5cfbf2a06534b0723f1def9c89faa9e81b124a2d3bcea68905fa4
0x000001f568875f378bf6d170b790967fe429c81a	0x06dc0cbf44eed256c5975210095be703504a4541	1726.93255440427	0xe212d12993d8a34e055e206f81c2870e20ad8d21be4744a48aff49a2092db9aa
0x000001f568875f378bf6d170b790967fe429c81a	0x3a542cf782d13debf869c3a29b708a6a1f797aeb	981.384579375115	0xa5e9e7fbfcb79c944511350a0703ef84f7e2923cd982abf995c15e39ab8358d2
0x000001f568875f378bf6d170b790967fe429c81a	0xd96305b6d3e8d55a4215a89001b74bc38f7699a2	43.1099169234547	0xa071a2c5d24f2887eb28da81e16ca1746b31f02a1b2114d1db0fcab450c5cb4e
0x000001f568875f378bf6d170b790967fe429c81a	0x068151497c5cde138a4d4635132a5a051fe2c336	2289.89735187527	0x758cca7f129f5a4066e2ee1760344f23bf0a685686d49dffb99b0b256b2dadd9
0x000001f568875f378bf6d170b790967fe429c81a	0xd475127a4a4cc7b1df581ad63ea83a3c7a001459	1764.97071639556	0xfa1810e00da1e2b873b4f7a4971bcdb1336cebff0ccd47bce9313d85fb973ac5
0x000001f568875f378bf6d170b790967fe429c81a	0xcfbcd44e01a23a59a0ad24037d2e6c1b9738adce	1529.1341120496	0x326f44fbf51c7636447a4ce30a7676eda83e9d11713bc3b7495507ec942f97e8
0x000001f568875f378bf6d170b790967fe429c81a	0x4a524378b327033d82b8de7bb12b71422d24002b	25.3587746608557	0xc19fc230a462d9c6f3306b2111a0309a5d1d49e4a7f9b36df8103ad752c47747
0x000001f568875f378bf6d170b790967fe429c81a	0x748796fa93e4c7e5adaa5870211cf36c603230b7	1166.50363439936	0x16479c70f3e005c2de7c39a1e3fb77bf3dd6971d5230c06e479746877322bb1f
0x000001f568875f378bf6d170b790967fe429c81a	0x8da4098eacfca1c91731332327d448c0f0df94dc	43.1099169234547	0xaed00b41a6e188a8ab5d3060ca9345452a2de3153d0e6fce2f3a61dfb1ed64ca
0x000001f568875f378bf6d170b790967fe429c81a	0x6eca7b8ba975f24ab02cbe685da5e0a79b139bae	347.415212853723	0x652754251d588eb5916d7a61e4d6ef630334cdc3cdb7540fcfa7e347284cfe2e
0x000001f568875f378bf6d170b790967fe429c81a	0x469a49b82946a44be4d23eeeb6232c73fb120d62	633.969366521392	0x90b391c3a4fd81359e239086aaafbf59444d84dacb046c1ad3054b2fc1bcd9ce
0x000001f568875f378bf6d170b790967fe429c81a	0x1672bbf0b5f24b4d1ef155aecbd3925864d4568a	25.3587746608557	0x567cc0781e5d6a259f63174ed562f28d46e94359356bc49a59c078113c05176e
0x000001f568875f378bf6d170b790967fe429c81a	0x1c8cad6dc973e670c01935ed06340f09814126c9	867.270093401264	0x3884c92582f9a89b33994e03f4d55d9035b0b1ef3306e94db11c76d51780b180
0x000001f568875f378bf6d170b790967fe429c81a	0x858119799d3e074284acb0bb13f3cf2bc86b67e1	2104.77829685102	0x6ccf06b65acfd2ef539f4ae6d8fcdd51cc5c22b23cfa5caf6ee1c6edab6cb1a1
0x000001f568875f378bf6d170b790967fe429c81a	0x4a449bfc793a29ac4f0e9f805df989f2d257237e	529.998390411884	0x5f1b39cafd8038201ea4773e5f598752961114816273325ab66d076ac522910f
0x000001f568875f378bf6d170b790967fe429c81a	0xb8e226727b42f98b70fb05f61deb5b706344d363	953.489927248174	0x65307b0a9523810f1a5febe417cfe66d5e48b354fd4ef34402ae5e9102b961fe
0x000001f568875f378bf6d170b790967fe429c81a	0xc0e7d512cef260bd6573dd9b9f233f2b0f78084a	60.8610591860536	0x0e440d8cd18b6315d67482bca54b1ebd9d7b034b771660e001b1f6f0287995ee
0x000001f568875f378bf6d170b790967fe429c81a	0x4c3c2507e37d55cec71e44752acaeb93569506b0	1861.33406010681	0x817b7a24e60dfe6a296b4ca4b2833fc637b09217bb13b535bfe4f9bc4eccd6c1
0x000001f568875f378bf6d170b790967fe429c81a	0x188d585d5899332bbb2ca165ae5e82591a1bd29c	25.3587746608557	0x066686148d77c2e9ad3d1b22010980e27253edb10c22a44af613a744d41039fd
0x000001f568875f378bf6d170b790967fe429c81a	0xdec19b3874b486d628a7c9b6354b118a3fbd8e8f	811.480789147382	0x41815e53866e990815f0aca2f2baa7aaa9ef49b9451e55b659814236780855ad
0x000001f568875f378bf6d170b790967fe429c81a	0xcddf35423e8b699e8653418aae2b19f51d3b03bc	689.758670775275	0xeb539ee3a7da2559d0b81b343fa26c865dc3e9304a7f282e66a7844f0bf337a5
0x000001f568875f378bf6d170b790967fe429c81a	0x0906d2092283ea183b44c1b83f4d8cb4f050c475	565.500674937082	0x8f8f81ed5bc45b27b0545b45e795d6b6deeaf5642fda0cccfafa9c79de0d7b7b
0x000001f568875f378bf6d170b790967fe429c81a	0xf08ebdf61d0822f82f03c14e80c7b9f2e2717d11	963.633437112516	0xcfa0c20314b604495f7aa6cdaf00887027c07400867d88936213bfe10bb209f3
0x000001f568875f378bf6d170b790967fe429c81a	0x81663c58bbc54d3dab80b50f5d9f2ff59461b350	890.092990596035	0x78368aa37dd7fbdcec38d5b63eef21e802195ece66a9b9acb6ebba2416b21a3d
0x000001f568875f378bf6d170b790967fe429c81a	0x8266d9c54c49d3aedaf0479ed4966ccaaf8c11cb	86.2198338469093	0x05ba511ddd87f5b26e0c50c3d5c25c63859fbcc5f5d20fd893bb164c85d2109f
0x000001f568875f378bf6d170b790967fe429c81a	0xacd531f66b1e5770bb3b9172402ea3e330e3be9e	63.3969366521392	0x2e7437879d39f70fdacb6c0c767972ba0ce85394625f55dfb6f37cd77d818877
0x000001f568875f378bf6d170b790967fe429c81a	0x2d66fd65445e1e8aa9fe35728b747767602433b3	1125.92959494199	0xda05dee9bcea4578ad00c20f67e8b19d30c4e8816fa6412d697cc5a0a3940a69
0x000001f568875f378bf6d170b790967fe429c81a	0x0f4c1f4b11d7a9c570eeebfa127c8bfa802b2a9c	60.8610591860536	0xcb233e66fb4e4eddee8d81483d0b00534d1442cc1164da092edac2fdea8bbdb6
0x000001f568875f378bf6d170b790967fe429c81a	0xbd9b8e649466d272e5192e6c8269e9a9636de854	25.3587746608557	0xcbbdaa9e0a700d8d18d8c1ca83770e96275de6c9656f57d65f684f3c1c02bf93
0x000001f568875f378bf6d170b790967fe429c81a	0x1cc9f33bf026936648cf749a51dea65c623a7952	1288.22575277147	0xdb6fab2e5405804214a1178636d8035d1ca4d02cc28eddbd8d7085b53434d086
0x000001f568875f378bf6d170b790967fe429c81a	0xdc218ca5f006c98d9b74f3d19e2945094e2641bc	25.3587746608557	0x574d122e09260e2cedcc8627d61e233b10763a49f2ec27ecdae4c9fa5b700619
0x000001f568875f378bf6d170b790967fe429c81a	0x9bbe1d4db2d93045374207eaef4752af5ed42e04	195.262564888589	0xb69fb4f91bc778f1a708dd99debae01a268615a44168dd500b4c0c512f76fbd0
0x000001f568875f378bf6d170b790967fe429c81a	0x0b96ee3f8087fecef489f2da260a1549ef23d069	25.3587746608557	0xc6e1e189e4aaa79543b0888246e7823fb9ae4bfac8618ef3a7d44cf8c8618c90
0x000001f568875f378bf6d170b790967fe429c81a	0x7ef88ff92d465554e3215dead33e32746d6abc0a	76.0763239825671	0x42d05109fb17545c4779c1a18c9c83d51096542b1bce3040d3e2e1ebd6c07c4a
0x000001f568875f378bf6d170b790967fe429c81a	0x3f4f800a864a47858de3f7438c1ce4d476efdeac	253.587746608557	0xf508b123118a2f82a7e4147d0a09ba92560409c03f060e0acb4833efce3951c0
0x000001f568875f378bf6d170b790967fe429c81a	0x0b96ee3f8087fecef489f2da260a1549ef23d069	126.793873304278	0x81a2cf07931dde74b3e58ede450969b45d7a35f3482859810bb8363e80dc9599
0x000001f568875f378bf6d170b790967fe429c81a	0x252f300339e3deaa604411c5f4f3a4629d243d48	821.624299011724	0x7c94039c247d6c4a78d52244573e603ecc8026924061d1827ea53d7ffd708cd7
0x000001f568875f378bf6d170b790967fe429c81a	0xd61de6b052b70f06fd58d05cd5ee8e41f28479b2	25.3587746608557	0xf2708846bffb9a2b178a06b508a4156b57b21507bb7ea5d6d073f68328763612
0x000001f568875f378bf6d170b790967fe429c81a	0x23e1103cbe4800db1d5a33f5eec14b673b8bb64a	202.870197286846	0xd08a8edd59f6477437c385edeac93caef51e2d87c8b5b38e00a70eb620c0129a
0x000001f568875f378bf6d170b790967fe429c81a	0x69cf132a8f0b6518fa5bb43fe937c2ce0e49b2ba	481.816718556258	0xec1049f26a1de6e6f6b7fb0b667ff540617e95e0e189f9c3976ebf9a87148522
0x000001f568875f378bf6d170b790967fe429c81a	0xa4c6c4050a25a397f59b02b7ace3b6dbf4df2361	258.659501540728	0xcf235d68167219d13a3140d0a1507dd90f6395ba68156804b8534f36c87af41f
0x000001f568875f378bf6d170b790967fe429c81a	0xaa814502746152327c678bb33c7de88f9719c8ca	517.319003081456	0xfe0ca862c8ed4505ab3a01787c9600703a5c1d90bdeb775ef6d092d80c2d51b1
0x000001f568875f378bf6d170b790967fe429c81a	0xfb6bff51675c7fcc4a3bcceb556a00f6e51c69f4	215.549584617273	0x9bce5c04e982be39dbf3fa0ea288a61c49d3e9d3f64e8571027a7efaf31a9ae7
0x000001f568875f378bf6d170b790967fe429c81a	0xc38a3c739c3a61c7c47d99a2ba1cb52ad0b49861	76.0763239825671	0xc3872e9549e3533f4f7d5bb7c02564a38d135707ea8c295441c8c80760a6b571
0x000001f568875f378bf6d170b790967fe429c81a	0x1aaadb1323d2583dc244ce5d8b44e48192144637	152.152647965134	0x5968a9911544a26e65c164ec580bf19b5b2dc66b0b1b3bea29a0260853ceb513
0x000001f568875f378bf6d170b790967fe429c81a	0x88d3ad3ac76052299ea09a2a8d388b6d2f5d797c	25.3587746608557	0x0527babe0b7342a42a6d8363cb5002807cc21cc3fce0348818a662bb65bc9591
0x000001f568875f378bf6d170b790967fe429c81a	0x89f9aaae762e40335b79fe0eb58ee1175b3500f1	25.3587746608557	0x9d2ef148012aa767b90da1c826822fce992c4d668dbe6c59095e95dcded76e39
